date,005930.KS
2022-10-04,51380.37109375
2022-10-05,52125.0078125
2022-10-06,52404.25
2022-10-07,52311.17578125
2022-10-11,51566.53125
2022-10-12,51938.85546875
2022-10-13,51380.37109375
2022-10-14,52404.25
2022-10-17,52683.4921875
2022-10-18,52590.4140625
2022-10-19,51938.85546875
2022-10-20,51659.60546875
2022-10-21,52031.92578125
2022-10-24,53521.21875
2022-10-25,53707.38671875
2022-10-26,55289.7421875
2022-10-27,55382.83203125
2022-10-28,53335.05859375
2022-10-31,55289.7421875
2022-11-01,55848.234375
2022-11-02,55475.90625
2022-11-03,55103.59375
2022-11-04,55289.7421875
2022-11-07,56034.390625
2022-11-08,57523.6796875
2022-11-09,57709.8359375
2022-11-10,56220.55078125
2022-11-11,58547.5625
2022-11-14,57616.75390625
2022-11-15,58082.1640625
2022-11-16,58361.3984375
2022-11-17,57151.35546875
2022-11-18,57523.6796875
2022-11-21,57151.35546875
2022-11-22,56406.71484375
2022-11-23,56779.02734375
2022-11-24,57151.35546875
2022-11-25,56779.02734375
2022-11-28,55941.31640625
2022-11-29,56406.71484375
2022-11-30,57896.0
2022-12-01,58268.3203125
2022-12-02,56220.55078125
2022-12-05,56127.47265625
2022-12-06,55103.59375
2022-12-07,54824.34765625
2022-12-08,55103.59375
2022-12-09,56220.55078125
2022-12-12,55382.83203125
2022-12-13,55568.9921875
2022-12-14,56313.62890625
2022-12-15,55196.671875
2022-12-16,55382.83203125
2022-12-19,55382.83203125
2022-12-20,54545.109375
2022-12-21,53986.625
2022-12-22,55010.50390625
2022-12-23,54079.7109375
2022-12-26,53893.54296875
2022-12-27,54079.7109375
2022-12-28,53012.88671875
2022-12-29,51795.28125
2023-01-02,51982.6015625
2023-01-03,51888.93359375
2023-01-04,54136.83984375
2023-01-05,54511.48828125
2023-01-06,55260.7890625
2023-01-09,56853.04296875
2023-01-10,56572.0625
2023-01-11,56665.71875
2023-01-12,56665.71875
2023-01-13,56946.7109375
2023-01-16,57227.69921875
2023-01-17,57134.02734375
2023-01-18,56572.0625
2023-01-19,57602.33984375
2023-01-20,57883.3359375
2023-01-25,59288.2734375
2023-01-26,59756.58203125
2023-01-27,60505.87890625
2023-01-30,59288.2734375
2023-01-31,57508.6875
2023-02-01,57134.02734375
2023-02-02,59475.59375
2023-02-03,59475.59375
2023-02-06,57696.01171875
2023-02-07,58070.65234375
2023-02-08,59100.9375
2023-02-09,59288.2734375
2023-02-10,58913.6171875
2023-02-13,58913.6171875
2023-02-14,59194.6015625
2023-02-15,58257.97265625
2023-02-16,59662.91015625
2023-02-17,58632.625
2023-02-20,58726.296875
2023-02-21,58164.3125
2023-02-22,57227.69921875
2023-02-23,58070.65234375
2023-02-24,57415.0234375
2023-02-27,56665.71875
2023-02-28,56759.390625
2023-03-02,56946.7109375
2023-03-03,56665.71875
2023-03-06,57602.33984375
2023-03-07,56853.04296875
2023-03-08,56478.39453125
2023-03-09,56291.0703125
2023-03-10,55729.1015625
2023-03-13,56197.4140625
2023-03-14,55260.7890625
2023-03-15,56010.08984375
2023-03-16,56103.7421875
2023-03-17,57415.0234375
2023-03-20,56384.734375
2023-03-21,56478.39453125
2023-03-22,57227.69921875
2023-03-23,58351.640625
2023-03-24,59007.28515625
2023-03-27,58164.3125
2023-03-28,58913.6171875
2023-03-29,58726.296875
2023-03-30,59537.3984375
2023-03-31,60291.02734375
2023-04-03,59443.19140625
2023-04-04,59914.21484375
2023-04-05,60196.82421875
2023-04-06,58689.55078125
2023-04-07,61233.078125
2023-04-10,61892.51171875
2023-04-11,62080.9296875
2023-04-12,62175.12890625
2023-04-13,62269.33203125
2023-04-14,61327.28515625
2023-04-17,61515.6953125
2023-04-18,61798.30859375
2023-04-19,61704.10546875
2023-04-20,61515.6953125
2023-04-21,61892.51171875
2023-04-24,61421.48828125
2023-04-25,59914.21484375
2023-04-26,60385.23828125
2023-04-27,60856.265625
2023-04-28,61704.10546875
2023-05-02,61892.51171875
2023-05-03,61609.90234375
2023-05-04,61327.28515625
2023-05-08,62080.9296875
2023-05-09,61515.6953125
2023-05-10,60856.265625
2023-05-11,60479.44921875
2023-05-12,60385.23828125
2023-05-15,60762.05859375
2023-05-16,61609.90234375
2023-05-17,61233.078125
2023-05-18,62363.53515625
2023-05-19,64436.0390625
2023-05-22,64530.25
2023-05-23,64436.0390625
2023-05-24,64530.25
2023-05-25,64812.86328125
2023-05-26,66225.9296875
2023-05-30,68110.0234375
2023-05-31,67262.1875
2023-06-01,66791.171875
2023-06-02,68015.8203125
2023-06-05,67544.796875
2023-06-07,66885.3671875
2023-06-08,66791.171875
2023-06-09,67827.4140625
2023-06-12,66885.3671875
2023-06-13,67827.4140625
2023-06-14,67733.2109375
2023-06-15,67356.3828125
2023-06-16,67639.0
2023-06-19,67073.765625
2023-06-20,67262.1875
2023-06-21,66414.34375
2023-06-22,67167.96875
2023-06-23,67450.59375
2023-06-26,68204.234375
2023-06-27,68392.6328125
2023-06-28,68486.84375
2023-06-29,68544.59375
2023-06-30,68355.25
2023-07-03,69112.640625
2023-07-04,69112.640625
2023-07-05,68165.890625
2023-07-06,67787.203125
2023-07-07,66177.71875
2023-07-10,65799.03125
2023-07-11,67692.5234375
2023-07-12,68071.2109375
2023-07-13,68071.2109375
2023-07-14,69491.3359375
2023-07-17,69396.671875
2023-07-18,68165.890625
2023-07-19,67881.8828125
2023-07-20,67219.1484375
2023-07-21,66556.4375
2023-07-24,66651.109375
2023-07-25,66272.3984375
2023-07-26,66083.046875
2023-07-27,67881.8828125
2023-07-28,66840.4453125
2023-07-31,66083.046875
2023-08-01,67313.8203125
2023-08-02,66177.71875
2023-08-03,65136.30859375
2023-08-04,64662.94140625
2023-08-07,64852.27734375
2023-08-08,64000.203125
2023-08-09,65230.98046875
2023-08-10,64378.90625
2023-08-11,63905.52734375
2023-08-14,63716.171875
2023-08-16,63432.15234375
2023-08-17,63148.13671875
2023-08-18,62769.43359375
2023-08-21,63053.45703125
2023-08-22,63053.45703125
2023-08-23,63526.8359375
2023-08-24,64568.25
2023-08-25,63526.8359375
2023-08-28,63242.79296875
2023-08-29,63242.79296875
2023-08-30,63526.8359375
2023-08-31,63337.48046875
2023-09-01,67219.1484375
2023-09-04,67408.4921875
2023-09-05,66935.1015625
2023-09-06,66272.3984375
2023-09-07,66651.109375
2023-09-08,66556.4375
2023-09-11,67029.796875
2023-09-12,66745.7734375
2023-09-13,67124.4765625
2023-09-14,67881.8828125
2023-09-15,68165.890625
2023-09-18,66461.75
2023-09-19,66083.046875
2023-09-20,65893.7109375
2023-09-21,65230.98046875
2023-09-22,65136.30859375
2023-09-25,65704.3359375
2023-09-26,65286.55078125
2023-09-27,65096.2109375
2023-10-04,64239.69140625
2023-10-05,63478.3359375
2023-10-06,62812.1484375
2023-10-10,63192.8203125
2023-10-11,64905.87890625
2023-10-12,65572.078125
2023-10-13,64715.54296875
2023-10-16,64049.34375
2023-10-17,66047.921875
2023-10-18,67094.78125
2023-10-19,66143.0859375
2023-10-20,65476.8984375
2023-10-23,65096.2109375
2023-10-24,65191.39453125
2023-10-25,64715.54296875
2023-10-26,63478.3359375
2023-10-27,64049.34375
2023-10-30,64049.34375
2023-10-31,63668.671875
2023-11-01,65286.55078125
2023-11-02,66333.421875
2023-11-03,66238.2578125
2023-11-06,67475.46875
2023-11-07,67475.46875
2023-11-08,66523.765625
2023-11-09,66904.4453125
2023-11-10,67094.78125
2023-11-13,66999.625
2023-11-14,67380.296875
2023-11-15,68712.6796875
2023-11-16,69283.6875
2023-11-17,68998.1796875
2023-11-20,69188.5234375
2023-11-21,69283.6875
2023-11-22,69283.6875
2023-11-23,68903.015625
2023-11-24,68236.828125
2023-11-27,67856.1328125
2023-11-28,69188.5234375
2023-11-29,69188.5234375
2023-11-30,69283.6875
2023-12-01,68522.3359375
2023-12-04,69093.3515625
2023-12-05,67760.9765625
2023-12-06,68236.828125
2023-12-07,68046.484375
2023-12-08,69093.3515625
2023-12-11,69474.03125
2023-12-12,69949.8828125
2023-12-13,69283.6875
2023-12-14,69569.203125
2023-12-15,69759.5390625
2023-12-18,69378.859375
2023-12-19,69854.7109375
2023-12-20,71187.09375
2023-12-21,71377.4296875
2023-12-22,72233.9765625
2023-12-26,72900.1484375
2023-12-27,74584.015625
2023-12-28,75062.1328125
2024-01-02,76113.953125
2024-01-03,73627.8125
2024-01-04,73245.3515625
2024-01-05,73245.3515625
2024-01-08,73149.734375
2024-01-09,71428.546875
2024-01-10,70376.7265625
2024-01-11,69994.234375
2024-01-12,69898.625
2024-01-15,70663.6015625
2024-01-16,69420.515625
2024-01-17,67890.578125
2024-01-18,68559.9375
2024-01-19,71428.546875
2024-01-22,71811.03125
2024-01-23,71906.6484375
2024-01-24,70759.2109375
2024-01-25,70854.8203125
2024-01-26,70185.484375
2024-01-29,71141.6875
2024-01-30,71046.0546875
2024-01-31,69516.15625
2024-02-01,70376.7265625
2024-02-02,71906.6484375
2024-02-05,71046.0546875
2024-02-06,71141.6875
2024-02-07,71715.40625
2024-02-08,70854.8203125
2024-02-13,71906.6484375
2024-02-14,70759.2109375
2024-02-15,69994.234375
2024-02-16,69611.75
2024-02-19,70567.9609375
2024-02-20,70089.8671875
2024-02-21,69803.0
2024-02-22,69898.625
2024-02-23,69707.3828125
2024-02-26,69611.75
2024-02-27,69707.3828125
2024-02-28,69994.234375
2024-02-29,70185.484375
2024-03-04,71619.7890625
2024-03-05,70472.34375
2024-03-06,69707.3828125
2024-03-07,69038.0390625
2024-03-08,70089.8671875
2024-03-11,69229.28125
2024-03-12,70089.8671875
2024-03-13,70854.8203125
2024-03-14,71046.0546875
2024-03-15,69133.65625
2024-03-18,69611.75
2024-03-19,69611.75
2024-03-20,73532.2109375
2024-03-21,75827.1015625
2024-03-22,75444.6171875
2024-03-25,74775.265625
2024-03-26,76400.828125
2024-03-27,76305.203125
2024-03-28,77612.515625
2024-03-29,79149.390625
2024-04-01,78765.171875
2024-04-02,81646.8203125
2024-04-03,80782.3203125
2024-04-04,81934.9921875
2024-04-05,81166.546875
2024-04-08,81166.546875
2024-04-09,80302.0546875
2024-04-11,80782.3203125
2024-04-12,80398.109375
2024-04-15,78957.28125
2024-04-16,76844.0703125
2024-04-17,75787.4609375
2024-04-18,76459.84375
2024-04-19,74538.7421875
2024-04-22,73097.9296875
2024-04-23,72521.6015625
2024-04-24,75499.2890625
2024-04-25,73290.0390625
2024-04-26,73674.25
2024-04-29,73674.25
2024-04-30,74442.6953125
2024-05-02,74922.953125
2024-05-03,74538.7421875
2024-05-07,78092.78125
2024-05-08,78092.78125
2024-05-09,76555.9140625
2024-05-10,76075.625
2024-05-13,75307.1875
2024-05-14,75211.1328125
2024-05-16,75115.078125
2024-05-17,74346.6328125
2024-05-20,75787.4609375
2024-05-21,75307.1875
2024-05-22,74634.8046875
2024-05-23,75211.1328125
2024-05-24,72905.8125
2024-05-27,74154.5234375
2024-05-28,74538.7421875
2024-05-29,72233.4296875
2024-05-30,70600.484375
2024-05-31,70600.484375
2024-06-03,72713.703125
2024-06-04,72329.4765625
2024-06-05,74346.6328125
2024-06-07,74250.578125
2024-06-10,72713.703125
2024-06-11,72233.4296875
2024-06-12,73482.140625
2024-06-13,75499.2890625
2024-06-14,76459.84375
2024-06-17,75019.03125
2024-06-18,76651.953125
2024-06-19,77996.71875
2024-06-20,78380.9453125
2024-06-21,76844.0703125
2024-06-24,77420.40625
2024-06-25,77612.515625
2024-06-26,78092.78125
2024-06-27,78730.5390625
2024-06-28,78634.0625
2024-07-01,78923.5
2024-07-02,78923.5
2024-07-03,78923.5
2024-07-04,81625.046875
2024-07-05,84037.140625
2024-07-08,84326.59375
2024-07-09,84712.53125
2024-07-10,84712.53125
2024-07-11,84519.5546875
2024-07-12,81432.078125
2024-07-15,83651.203125
2024-07-16,84616.0234375
2024-07-17,83651.203125
2024-07-18,83844.1640625
2024-07-19,81432.078125
2024-07-22,80081.3125
2024-07-23,80949.6640625
2024-07-24,79116.4765625
2024-07-25,77572.734375
2024-07-26,78055.15625
2024-07-29,78344.6015625
2024-07-30,78151.6484375
2024-07-31,80949.6640625
2024-08-01,80177.796875
2024-08-02,76800.875
2024-08-05,68889.2265625
2024-08-06,69950.546875
2024-08-07,72073.171875
2024-08-08,70818.8984375
2024-08-09,72073.171875
2024-08-12,72845.0625
2024-08-13,73423.9453125
2024-08-14,74485.2578125
2024-08-16,77379.7734375
2024-08-19,75546.5859375
2024-08-20,76125.4921875
2024-08-21,75546.5859375
2024-08-22,75546.5859375
2024-08-23,74967.6875
2024-08-26,73423.9453125
2024-08-27,73134.4921875
2024-08-28,73713.3984375
2024-08-29,71397.7890625
2024-08-30,71687.2421875
2024-09-02,71783.734375
2024-09-03,69950.546875
2024-09-04,67538.453125
2024-09-05,66573.6171875
2024-09-06,66477.140625
2024-09-09,65126.37109375
2024-09-10,63872.08203125
2024-09-11,62617.80078125
2024-09-12,63968.5703125
2024-09-13,62135.3828125
2024-09-19,60881.09375
2024-09-20,60784.609375
2024-09-23,60398.67578125
2024-09-24,60977.57421875
2024-09-25,60012.74609375
2024-09-26,62424.83203125
2024-09-27,62289.96484375
2024-09-30,59670.2890625
2024-10-02,59476.2421875
2024-10-04,58797.07421875
2024-10-07,59185.1640625
2024-10-08,58505.99609375
2024-10-10,57147.64453125
2024-10-11,57535.74609375
2024-10-14,57535.74609375
2024-10-15,59185.1640625
2024-10-16,57729.796875
2024-10-17,57923.84765625
2024-10-18,57438.71875
2024-10-21,57244.671875
2024-10-22,55983.3515625
2024-10-23,57341.6953125
2024-10-24,54916.0703125
2024-10-25,54236.8984375
2024-10-28,56371.4453125
2024-10-29,57826.81640625
2024-10-30,57341.6953125
2024-10-31,57438.71875
2024-11-01,56565.49609375
2024-11-04,56953.59375
2024-11-05,55886.3203125
2024-11-06,55595.25
2024-11-07,55595.25
2024-11-08,55304.171875
2024-11-11,53363.67578125
2024-11-12,51423.1796875
2024-11-13,49094.58203125
2024-11-14,48415.4140625
2024-11-15,51908.3046875
2024-11-18,55013.09375
2024-11-19,54625.00390625
2024-11-20,53654.75390625
2024-11-21,54722.0234375
2024-11-22,54333.92578125
2024-11-25,56177.3984375
2024-11-26,56565.49609375
2024-11-27,54625.00390625
2024-11-28,53848.80078125
2024-11-29,52587.48046875
2024-12-02,52005.328125
2024-12-03,52005.328125
2024-12-04,51520.20703125
2024-12-05,52102.3515625
2024-12-06,52490.453125
2024-12-09,51811.28515625
2024-12-10,52393.42578125
2024-12-11,52393.42578125
2024-12-12,54236.8984375
2024-12-13,54430.953125
2024-12-16,53945.82421875
2024-12-17,52587.48046875
2024-12-18,53266.64453125
2024-12-19,51520.20703125
2024-12-20,51423.1796875
2024-12-23,51908.3046875
2024-12-24,52781.53125
2024-12-26,52005.328125
2024-12-27,52457.6171875
2024-12-30,51969.18359375
2025-01-02,52164.55859375
2025-01-03,53141.421875
2025-01-06,54606.71875
2025-01-07,54118.2890625
2025-01-08,55974.33203125
2025-01-09,54802.09375
2025-01-10,54020.6015625
2025-01-13,52848.3671875
2025-01-14,52652.9921875
2025-01-15,52457.6171875
2025-01-16,53043.73828125
2025-01-17,52457.6171875
2025-01-20,52164.55859375
2025-01-21,52262.24609375
2025-01-22,53043.73828125
2025-01-23,52457.6171875
2025-01-24,52457.6171875
2025-01-31,51187.6953125
2025-02-03,49820.0859375
2025-02-04,51480.75390625
2025-02-05,51676.125
2025-02-06,52750.6796875
2025-02-07,52457.6171875
2025-02-10,54313.6640625
2025-02-11,54411.34375
2025-02-12,54509.03125
2025-02-13,54509.03125
2025-02-14,54704.41015625
2025-02-17,54704.41015625
2025-02-18,55583.58203125
2025-02-19,57341.9375
2025-02-20,57048.87890625
2025-02-21,56853.5078125
2025-02-24,55974.33203125
2025-02-25,55876.64453125
2025-02-26,55290.52734375
2025-02-27,54997.4609375
2025-02-28,53239.109375
2025-03-04,53239.109375
2025-03-05,52750.6796875
2025-03-06,53043.73828125
2025-03-07,52457.6171875
2025-03-10,52457.6171875
2025-03-11,52359.9296875
2025-03-12,53629.85546875
2025-03-13,53434.484375
2025-03-14,53434.484375
2025-03-17,56267.38671875
2025-03-18,56267.38671875
2025-03-19,57146.5703125
2025-03-20,58807.234375
2025-03-21,60272.53515625
2025-03-24,59100.29296875
2025-03-25,58416.4921875
2025-03-26,59979.4765625
2025-03-27,60370.21875
2025-03-28,59156.625
2025-03-31,56798.22265625
2025-04-01,57780.890625
2025-04-02,57780.890625
2025-04-03,56601.68359375
2025-04-04,55127.68359375
2025-04-07,52277.9453125
2025-04-08,52572.75
2025-04-09,52081.4140625
2025-04-10,55422.484375
2025-04-11,54243.28515625
2025-04-14,55225.953125
2025-04-15,55619.01953125
2025-04-16,53751.94921875
2025-04-17,54145.015625
2025-04-18,54341.5546875
2025-04-21,54439.8203125
2025-04-22,54046.74609375
2025-04-23,54734.6171875
2025-04-24,54734.6171875
2025-04-25,54734.6171875
2025-04-28,54832.88671875
2025-04-29,54832.88671875
2025-04-30,54538.0859375
2025-05-02,53358.88671875
2025-05-07,53653.68359375
2025-05-08,53653.68359375
2025-05-09,53850.21484375
2025-05-12,56601.68359375
2025-05-13,55913.82421875
2025-05-14,56405.15234375
2025-05-15,56306.890625
2025-05-16,55815.5546875
2025-05-19,54832.88671875
2025-05-20,54931.15234375
2025-05-21,54734.6171875
2025-05-22,53751.94921875
2025-05-23,53260.6171875
2025-05-26,53751.94921875
2025-05-27,52965.81640625
2025-05-28,54931.15234375
2025-05-29,55127.68359375
2025-05-30,55225.953125
2025-06-02,55815.5546875
2025-06-04,56798.22265625
2025-06-05,58075.69140625
2025-06-09,58763.55859375
2025-06-10,58173.95703125
2025-06-11,58861.82421875
2025-06-12,58468.75390625
2025-06-13,57289.5546875
2025-06-16,56208.625
2025-06-17,57093.0234375
2025-06-18,58763.55859375
2025-06-19,58173.95703125
2025-06-20,58468.75390625
2025-06-23,56994.75390625
2025-06-24,59451.42578125
2025-06-25,60237.5625
2025-06-26,59156.625
2025-06-27,60112.6953125
2025-06-30,59124.0
2025-07-01,59519.4765625
2025-07-02,60112.6953125
2025-07-03,63078.78125
2025-07-04,62584.43359375
2025-07-07,61002.51953125
2025-07-08,60705.9140625
2025-07-09,59717.21484375
2025-07-10,60310.43359375
2025-07-11,61892.34765625
2025-07-14,61793.4765625
2025-07-15,62979.9140625
2025-07-16,63968.609375
2025-07-17,65946.0
2025-07-18,66341.484375
2025-07-21,67033.5625
2025-07-22,65253.9140625
2025-07-23,65649.390625
2025-07-24,65253.9140625
2025-07-25,65155.046875
2025-07-28,69604.171875
2025-07-29,69801.9140625
2025-07-30,71779.3046875
2025-07-31,70592.8671875
2025-08-01,68121.125
2025-08-04,68912.09375
2025-08-05,69109.828125
2025-08-06,68022.2578125
2025-08-07,69703.0390625
2025-08-08,70988.3515625
2025-08-11,70197.390625
2025-08-12,70296.265625
2025-08-13,71087.2109375
2025-08-14,70790.609375
2025-08-18,69208.6953125
2025-08-19,69208.6953125
2025-08-20,69703.0390625
2025-08-21,69801.9140625
2025-08-22,70592.8671875
2025-08-25,70691.734375
2025-08-26,69505.3046875
2025-08-27,69801.9140625
2025-08-28,68813.21875
2025-08-29,68912.09375
2025-09-01,66835.828125
2025-09-02,68318.8671875
2025-09-03,69010.953125
2025-09-04,69307.5625
2025-09-05,68714.34375
2025-09-08,69307.5625
2025-09-09,70691.734375
2025-09-10,71779.3046875
2025-09-11,72570.2578125
2025-09-12,74547.65625
2025-09-15,75635.2109375
2025-09-16,78502.4375
2025-09-17,77315.9921875
2025-09-18,79392.2578125
2025-09-22,82556.0859375
2025-09-23,83742.5234375
2025-09-24,84434.609375
2025-09-25,85126.6953125
2025-09-26,82358.34375
2025-09-29,83619.59375
2025-09-30,83321.6640625
2025-10-01,85407.1875
2025-10-02,89131.3359375
2025-10-10,93749.28125
2025-10-13,92656.8671875
2025-10-14,90968.5859375
2025-10-15,94345.1484375
2025-10-16,97026.5390625
2025-10-17,97225.1640625
2025-10-20,97423.78125
2025-10-21,96827.9140625
2025-10-22,97920.328125
2025-10-23,95834.8125
2025-10-24,98118.953125
2025-10-27,101296.8984375
2025-10-28,98814.1328125
2025-10-29,99807.234375
2025-10-30,103382.421875
2025-10-31,106758.984375
2025-11-03,110334.1640625
2025-11-04,104176.90625
2025-11-05,99906.546875
2025-11-06,98516.1953125
2025-11-07,97225.1640625
2025-11-10,99906.546875
2025-11-11,102786.5546875
2025-11-12,102389.3125
2025-11-13,102091.3828125
2025-11-14,96529.984375
2025-11-17,99906.546875
2025-11-18,97125.8515625
2025-11-19,95834.8125
2025-11-20,99906.546875
2025-11-21,94146.5234375
2025-11-24,96033.4296875
2025-11-25,98615.5078125
2025-11-26,102091.3828125
2025-11-27,102786.5546875
2025-11-28,99807.234375
2025-12-01,100105.171875
2025-12-02,102687.2421875
2025-12-03,103779.6640625
2025-12-04,104375.5234375
2025-12-05,107652.78125
2025-12-08,108745.1953125
2025-12-09,107652.78125
2025-12-10,107255.5390625
2025-12-11,106560.359375
2025-12-12,108149.328125
2025-12-15,104077.59375
2025-12-16,102091.3828125
2025-12-17,107156.21875
2025-12-18,106858.2890625
2025-12-19,105567.25
2025-12-22,109738.3046875
2025-12-23,110731.40625
2025-12-24,110334.1640625
2025-12-26,116193.5
2025-12-29,119253.171875
2025-12-30,119652.34375
2026-01-02,128234.578125
2026-01-05,137814.75
2026-01-06,138613.09375
2026-01-07,140708.765625
2026-01-08,138513.296875
2026-01-09,138712.890625
2026-01-12,138513.296875
2026-01-13,137315.78125
2026-01-14,140010.203125
2026-01-15,143602.765625
2026-01-16,148592.4375
2026-01-19,148991.609375
2026-01-20,144900.078125
2026-01-21,149191.203125
2026-01-22,151985.421875
2026-01-23,151785.828125
2026-01-26,151785.828125
2026-01-27,159170.546875
2026-01-28,162064.5625
2026-01-29,160368.0625
2026-01-30,160168.484375
2026-02-02,150089.34375
2026-02-03,167154.015625
2026-02-04,168750.71875
2026-02-05,158970.953125
2026-02-06,158272.40625
2026-02-09,166056.296875
2026-02-10,165457.53125
2026-02-11,167453.40625
2026-02-12,178231.09375
2026-02-13,180825.71875
2026-02-19,189607.546875
2026-02-20,189707.34375
2026-02-23,192601.34375
2026-02-24,199586.890625
2026-02-25,203079.65625
2026-02-26,217549.71875
2026-02-27,216052.8125
2026-03-03,194697.015625
2026-03-04,171844.3125
2026-03-05,191204.25
2026-03-06,187811.265625
2026-03-09,173141.625
2026-03-10,187511.890625
2026-03-11,189607.546875
2026-03-12,187511.890625
2026-03-13,183120.96875
2026-03-16,188310.234375
2026-03-17,193499.484375
2026-03-18,208069.328125
2026-03-19,200085.859375
2026-03-20,198988.125
2026-03-23,185915.1875
2026-03-24,189308.171875
2026-03-25,188609.609375
2026-03-26,179728.0
2026-03-27,179728.0
2026-03-30,176300.0
2026-03-31,167200.0
2026-04-01,189650.0
2026-04-02,178400.0
2026-04-03,186200.0
2026-04-06,193100.0
2026-04-07,196500.0
2026-04-08,210500.0
2026-04-09,204000.0
2026-04-10,206000.0
2026-04-13,201000.0
2026-04-14,206500.0
2026-04-15,211000.0
2026-04-16,217500.0
2026-04-17,216000.0
2026-04-20,214500.0
2026-04-21,219000.0
2026-04-22,217500.0
2026-04-23,224500.0
2026-04-24,219500.0
2026-04-27,224500.0
2026-04-28,222000.0
2026-04-29,226000.0
2026-04-30,220500.0
2026-05-04,232500.0
2026-05-06,266000.0
2026-05-07,271500.0
2026-05-08,268500.0
2026-05-11,285500.0
2026-05-12,279000.0
2026-05-13,284000.0
2026-05-14,296000.0
2026-05-15,270500.0
2026-05-18,281000.0
2026-05-19,275500.0
2026-05-20,276000.0
2026-05-21,299500.0
2026-05-22,292500.0
2026-05-26,299000.0
2026-05-27,307000.0
2026-05-28,299500.0
2026-05-29,317000.0
