date,EWG,EWQ,EWN
2022-10-03,18.890283584594727,25.04874610900879,28.516849517822266
2022-10-04,19.88057518005371,26.429170608520508,30.144044876098633
2022-10-05,19.544248580932617,26.09092140197754,29.82588005065918
2022-10-06,19.114500045776367,25.48755645751953,29.2895450592041
2022-10-07,18.6754093170166,25.01218032836914,28.198684692382812
2022-10-10,18.712779998779297,24.9116153717041,27.93505859375
2022-10-11,18.460535049438477,24.73792266845703,27.28963279724121
2022-10-12,18.43250846862793,24.719642639160156,27.198728561401367
2022-10-13,19.011735916137695,25.43270492553711,27.816884994506836
2022-10-14,18.778175354003906,25.158449172973633,27.14418601989746
2022-10-17,19.460166931152344,26.008644104003906,28.053234100341797
2022-10-18,19.777809143066406,26.319469451904297,28.50775909423828
2022-10-19,19.450828552246094,25.87151527404785,28.307767868041992
2022-10-20,19.366744995117188,25.944650650024414,28.453216552734375
2022-10-21,19.796493530273438,26.346893310546875,29.23499870300293
2022-10-24,20.02071189880371,26.612009048461914,29.26226806640625
2022-10-25,20.450458526611328,27.3250732421875,30.134958267211914
2022-10-26,20.721389770507812,27.590187072753906,30.162227630615234
2022-10-27,20.51585578918457,27.187946319580078,29.86223793029785
2022-10-28,20.70270538330078,27.59933090209961,30.162227630615234
2022-10-31,20.385066986083984,27.142236709594727,29.771337509155273
2022-11-01,20.534542083740234,27.434776306152344,29.971328735351562
2022-11-02,20.076765060424805,26.803985595703125,28.98955535888672
2022-11-03,19.759124755859375,26.602867126464844,28.725929260253906
2022-11-04,20.84284019470215,28.083850860595703,30.28949546813965
2022-11-07,21.039031982421875,28.156984329223633,30.689476013183594
2022-11-08,21.347328186035156,28.348962783813477,31.262174606323242
2022-11-09,21.085744857788086,28.047283172607422,30.753110885620117
2022-11-10,22.533811569213867,29.45513343811035,33.2802619934082
2022-11-11,23.197118759155273,30.085922241210938,34.31657791137695
2022-11-14,23.028955459594727,29.72939109802246,34.09840393066406
2022-11-15,23.12238121032715,29.866514205932617,34.507476806640625
2022-11-16,23.131723403930664,30.021930694580078,34.207489013671875
2022-11-17,23.215803146362305,29.976221084594727,34.38930892944336
2022-11-18,23.290544509887695,30.03106689453125,34.41657257080078
2022-11-21,23.04764175415039,29.81166648864746,34.062049865722656
2022-11-22,23.253175735473633,30.113344192504883,34.51656723022461
2022-11-23,23.421335220336914,30.38760757446289,34.93473434448242
2022-11-25,23.598844528198242,30.561302185058594,35.05290985107422
2022-11-28,23.187776565551758,30.067638397216797,34.52566146850586
2022-11-29,23.2718563079834,30.23219108581543,34.48020553588867
2022-11-30,23.72028923034668,30.881263732910156,35.43470764160156
2022-12-01,23.897796630859375,31.064096450805664,35.843780517578125
2022-12-02,24.047277450561523,31.155521392822266,35.81651306152344
2022-12-05,23.72028923034668,30.762420654296875,35.41653060913086
2022-12-06,23.430679321289062,30.753280639648438,34.99836730957031
2022-12-07,23.514759063720703,30.753280639648438,35.116539001464844
2022-12-08,23.589500427246094,30.826419830322266,35.41653060913086
2022-12-09,23.598844528198242,30.753280639648438,35.36198425292969
2022-12-12,23.626869201660156,30.917835235595703,35.625614166259766
2022-12-13,24.018455505371094,31.305946350097656,36.3181266784668
2022-12-14,23.99976348876953,31.324291229248047,36.098567962646484
2022-12-15,23.233417510986328,30.461822509765625,34.93675231933594
2022-12-16,22.990428924560547,30.113162994384766,34.50679397583008
2022-12-19,22.990428924560547,30.08563804626465,34.25979232788086
2022-12-20,23.037155151367188,30.103988647460938,34.287235260009766
2022-12-21,23.28948974609375,30.56275177001953,34.84526824951172
2022-12-22,23.04650115966797,30.406774520874023,34.35127258300781
2022-12-23,23.111921310424805,30.370067596435547,34.35127258300781
2022-12-27,23.18668556213379,30.56275177001953,34.25064468383789
2022-12-28,22.981081008911133,30.19573974609375,33.8389778137207
2022-12-29,23.410980224609375,30.737083435058594,34.579978942871094
2022-12-30,23.111921310424805,30.3884220123291,34.06768035888672
2023-01-03,23.504440307617188,30.68202781677246,34.73549270629883
2023-01-04,24.177330017089844,31.51697540283203,35.66860580444336
2023-01-05,24.02779769897461,31.177490234375,35.21120071411133
2023-01-06,24.635271072387695,32.0674934387207,36.36386489868164
2023-01-09,24.96236801147461,32.25099563598633,36.97678756713867
2023-01-10,25.214704513549805,32.462032318115234,37.27867889404297
2023-01-11,25.52311134338379,32.764808654785156,37.690345764160156
2023-01-12,25.953014373779297,33.26027297973633,38.092864990234375
2023-01-13,25.971708297729492,33.45295333862305,38.37645721435547
2023-01-17,25.99039649963379,33.489654541015625,38.30327224731445
2023-01-18,25.887596130371094,33.388729095458984,38.047122955322266
2023-01-19,25.710025787353516,33.15934371948242,37.51652908325195
2023-01-20,25.953014373779297,33.4804801940918,38.23008728027344
2023-01-23,26.046470642089844,33.618106842041016,38.77897262573242
2023-01-24,26.00908851623535,33.70068359375,38.62345504760742
2023-01-25,26.177309036254883,33.8658447265625,38.806419372558594
2023-01-26,26.177309036254883,33.9300651550293,39.062564849853516
2023-01-27,26.158620834350586,33.810787200927734,38.8247184753418
2023-01-30,26.027782440185547,33.618106842041016,38.2117919921875
2023-01-31,26.205347061157227,33.911712646484375,38.605159759521484
2023-02-01,26.653942108154297,34.278724670410156,39.50167465209961
2023-02-02,26.981042861938477,34.3154296875,39.80356216430664
2023-02-03,26.560483932495117,34.08604431152344,39.17234802246094
2023-02-06,26.24273109436035,33.58140182495117,38.449642181396484
2023-02-07,26.289457321166992,33.7557373046875,38.8155632019043
2023-02-08,26.280115127563477,33.489654541015625,38.3856086730957
2023-02-09,26.289457321166992,33.65481185913086,38.522823333740234
2023-02-10,25.953014373779297,33.40707778930664,38.047122955322266
2023-02-13,26.19600486755371,33.90254211425781,38.63260269165039
2023-02-14,26.289457321166992,34.12274169921875,38.8247184753418
2023-02-15,26.32684326171875,34.25120162963867,38.9802360534668
2023-02-16,26.214693069458008,34.278724670410156,38.66919708251953
2023-02-17,26.308151245117188,34.45305252075195,38.64175796508789
2023-02-21,25.8689022064209,33.893367767333984,37.68119812011719
2023-02-22,25.747407913208008,33.77408981323242,37.589717864990234
2023-02-23,25.971708297729492,34.040164947509766,37.891605377197266
2023-02-24,25.27077865600586,33.26027297973633,37.00423812866211
2023-02-27,25.681989669799805,33.81996536254883,37.68119812011719
2023-02-28,25.50442123413086,33.507999420166016,37.32441329956055
2023-03-01,25.691335678100586,33.72821044921875,37.543975830078125
2023-03-02,25.59787940979004,33.78326416015625,37.690345764160156
2023-03-03,26.111892700195312,34.232852935791016,38.22093200683594
2023-03-06,26.252077102661133,34.26954650878906,37.937347412109375
2023-03-07,25.756755828857422,33.70068359375,37.086570739746094
2023-03-08,25.924976348876953,33.682334899902344,37.27867889404297
2023-03-09,25.728717803955078,33.352020263671875,36.78468322753906
2023-03-10,25.513765335083008,33.13182067871094,36.38216018676758
2023-03-13,25.186668395996094,32.75563430786133,36.3181266784668
2023-03-14,25.644607543945312,33.45295333862305,36.9401969909668
2023-03-15,24.728727340698242,32.20511245727539,35.76008605957031
2023-03-16,25.046480178833008,32.81068420410156,36.60171127319336
2023-03-17,24.710037231445312,32.25099563598633,36.135162353515625
2023-03-20,25.121246337890625,32.92079162597656,36.68404769897461
2023-03-21,25.681989669799805,33.57223129272461,37.25123596191406
2023-03-22,25.635257720947266,33.462127685546875,37.1323127746582
2023-03-23,25.635257720947266,33.443782806396484,37.52567672729492
2023-03-24,25.336198806762695,33.12263870239258,37.03167724609375
2023-03-27,25.67264175415039,33.49882507324219,37.06827163696289
2023-03-28,25.700679779052734,33.489654541015625,36.995086669921875
2023-03-29,26.055816650390625,34.076866149902344,37.900753021240234
2023-03-30,26.523099899291992,34.56315612792969,38.559417724609375
2023-03-31,26.59786605834961,34.68243408203125,38.605159759521484
2023-04-03,26.663288116455078,35.086151123046875,38.788124084472656
2023-04-04,26.78478240966797,35.0953254699707,38.8155632019043
2023-04-05,26.513757705688477,34.90264129638672,38.31241989135742
2023-04-06,26.71001625061035,35.04026794433594,38.440494537353516
2023-04-10,26.7193603515625,35.04026794433594,38.43134689331055
2023-04-11,26.775436401367188,35.214599609375,38.63260269165039
2023-04-12,26.93431282043457,35.64583206176758,38.48623275756836
2023-04-13,27.261411666870117,36.196353912353516,38.952789306640625
2023-04-14,27.233373641967773,36.07707214355469,38.88875198364258
2023-04-17,27.083845138549805,35.847694396972656,38.477088928222656
2023-04-18,27.28944969177246,36.141300201416016,38.8247184753418
2023-04-19,27.280105590820312,36.141300201416016,38.62345504760742
2023-04-20,27.093191146850586,36.095420837402344,38.54112243652344
2023-04-21,27.345523834228516,36.43490982055664,38.596012115478516
2023-04-24,27.438983917236328,36.645938873291016,38.77897262573242
2023-04-25,27.093191146850586,36.05872344970703,37.67205047607422
2023-04-26,27.17730140686035,36.0036735534668,38.001380920410156
2023-04-27,27.37356185913086,36.46243667602539,38.61430740356445
2023-04-28,27.48571014404297,36.30645751953125,38.71493148803711
2023-05-01,27.5044002532959,36.31563186645508,38.6600456237793
2023-05-02,27.13991928100586,35.87521743774414,38.294124603271484
2023-05-03,27.28944969177246,35.95779800415039,38.28497314453125
2023-05-04,27.17730140686035,35.6641845703125,38.019676208496094
2023-05-05,27.569822311401367,36.150474548339844,38.66919708251953
2023-05-08,27.5044002532959,36.122947692871094,38.70579147338867
2023-05-09,27.326833724975586,35.78346633911133,38.13859939575195
2023-05-10,27.298795700073242,35.74676513671875,38.358158111572266
2023-05-11,27.06515121459961,35.71923828125,38.3856086730957
2023-05-12,26.96234893798828,35.52655792236328,38.175193786621094
2023-05-15,27.083845138549805,35.755943298339844,38.724090576171875
2023-05-16,26.89693260192871,35.48986053466797,38.513675689697266
2023-05-17,27.06515121459961,35.64583206176758,38.89789581298828
2023-05-18,27.17730140686035,35.55408477783203,39.09001541137695
2023-05-19,27.40159797668457,35.83852005004883,39.199790954589844
2023-05-22,27.298795700073242,35.801815032958984,39.391902923583984
2023-05-23,26.94365882873535,35.021915435791016,38.8155632019043
2023-05-24,26.504411697387695,34.5448112487793,38.13859939575195
2023-05-25,26.43899154663086,34.48058319091797,38.55027389526367
2023-05-26,26.71001625061035,34.8292350769043,39.346160888671875
2023-05-30,26.5698299407959,34.45305252075195,38.73323440551758
2023-05-31,26.149272918701172,33.94841384887695,38.30327224731445
2023-06-01,26.5698299407959,34.260372161865234,38.760677337646484
2023-06-02,26.738054275512695,34.68243408203125,39.04426956176758
2023-06-05,26.560483932495117,34.287899017333984,38.87045669555664
2023-06-06,26.644596099853516,34.46223068237305,38.8247184753418
2023-06-07,26.528419494628906,34.290592193603516,38.6471061706543
2023-06-08,26.864465713500977,34.75016784667969,39.007869720458984
2023-06-09,26.653236389160156,34.58134841918945,38.79511260986328
2023-06-12,27.018085479736328,34.890865325927734,39.17436981201172
2023-06-13,27.25811767578125,35.12534713745117,39.618377685546875
2023-06-14,27.421342849731445,35.284793853759766,39.8126335144043
2023-06-15,27.77659034729004,35.65058517456055,40.28438949584961
2023-06-16,27.757387161254883,35.913204193115234,39.84038162231445
2023-06-20,27.31572914123535,35.50051498413086,39.3223762512207
2023-06-21,27.25811767578125,35.47237777709961,39.06336975097656
2023-06-22,27.219715118408203,35.228515625,39.276123046875
2023-06-23,26.81645965576172,34.7783203125,38.61011505126953
2023-06-26,26.787656784057617,34.90961837768555,38.702613830566406
2023-06-27,27.075695037841797,35.47237777709961,39.59062576293945
2023-06-28,27.085294723510742,35.584922790527344,39.627628326416016
2023-06-29,26.950878143310547,35.60368728637695,39.599876403808594
2023-06-30,27.430944442749023,36.138301849365234,40.03463363647461
2023-07-03,27.296525955200195,36.02574920654297,40.117881774902344
2023-07-05,26.84526252746582,35.43486022949219,39.636878967285156
2023-07-06,26.297988891601562,34.5532112121582,38.9893684387207
2023-07-07,26.576425552368164,34.87210464477539,39.23912048339844
2023-07-10,26.778053283691406,35.181617736816406,39.59062576293945
2023-07-11,27.06609535217285,35.65058517456055,39.80337905883789
2023-07-12,27.718984603881836,36.58850860595703,40.79314422607422
2023-07-13,28.19904899597168,37.11375045776367,41.745914459228516
2023-07-14,28.045425415039062,36.97305679321289,41.727413177490234
2023-07-17,28.103036880493164,36.766719818115234,41.77366256713867
2023-07-18,28.170244216918945,36.83237075805664,41.86615753173828
2023-07-19,28.05502700805664,36.766719818115234,41.44065475463867
2023-07-20,27.872604370117188,36.7573356628418,40.58964538574219
2023-07-21,27.9398136138916,36.98244094848633,40.82089614868164
2023-07-24,27.786191940307617,36.7573356628418,40.58039093017578
2023-07-25,27.834199905395508,36.37278366088867,40.66364288330078
2023-07-26,27.805395126342773,36.32589340209961,40.719146728515625
2023-07-27,27.882205963134766,36.34464645385742,40.9411506652832
2023-07-28,28.247055053710938,36.7573356628418,41.63490676879883
2023-07-31,28.15104103088379,36.71982192993164,41.329654693603516
2023-08-01,27.747787475585938,36.26023483276367,41.0984001159668
2023-08-02,27.19091033935547,35.57555389404297,40.071632385253906
2023-08-03,27.037290573120117,35.44424057006836,40.12713623046875
2023-08-04,27.1044979095459,35.70685577392578,40.08088684082031
2023-08-07,27.325328826904297,35.96009826660156,40.5248908996582
2023-08-08,26.960479736328125,35.6787223815918,40.08088684082031
2023-08-09,27.05649185180664,35.85692596435547,39.9791374206543
2023-08-10,27.22931671142578,36.23209762573242,40.23814010620117
2023-08-11,26.98928451538086,35.85692596435547,39.618377685546875
2023-08-14,26.998884201049805,35.78189468383789,39.618377685546875
2023-08-15,26.691640853881836,35.24728012084961,39.06336975097656
2023-08-16,26.586029052734375,35.05031204223633,38.72111892700195
2023-08-17,26.403602600097656,34.703277587890625,37.87009811401367
2023-08-18,26.345996856689453,34.74079895019531,37.9071044921875
2023-08-21,26.490015029907227,35.04092788696289,38.092105865478516
2023-08-22,26.44200897216797,34.90961837768555,37.87009811401367
2023-08-23,26.547622680664062,35.10658645629883,38.25860595703125
2023-08-24,26.115564346313477,34.61886978149414,37.37984085083008
2023-08-25,26.28838539123535,34.928382873535156,37.59259796142578
2023-08-28,26.51881980895996,35.359825134277344,37.990352630615234
2023-08-29,26.97007942199707,35.81003189086914,38.56386184692383
2023-08-30,26.922075271606445,35.84755325317383,38.55461502075195
2023-08-31,26.80685806274414,35.32230758666992,38.15685272216797
2023-09-01,26.509220123291016,35.10658645629883,38.02735137939453
2023-09-05,26.201974868774414,34.57196807861328,37.601844787597656
2023-09-06,26.144367218017578,34.337486267089844,37.59259796142578
2023-09-07,26.00994873046875,34.27183151245117,36.84333801269531
2023-09-08,26.02915382385254,34.46879196166992,36.68608093261719
2023-09-11,26.345996856689453,34.85334777832031,37.02832794189453
2023-09-12,26.125164031982422,34.5532112121582,36.575077056884766
2023-09-13,26.000349044799805,34.3187255859375,36.454830169677734
2023-09-14,26.163570404052734,34.675140380859375,36.76008224487305
2023-09-15,26.240381240844727,34.84396743774414,36.30682373046875
2023-09-18,26.04835319519043,34.4875602722168,36.12181854248047
2023-09-19,25.97154426574707,34.58134841918945,36.09407043457031
2023-09-20,25.961944580078125,34.49693298339844,36.038570404052734
2023-09-21,25.616294860839844,33.906044006347656,35.539058685302734
2023-09-22,25.645097732543945,33.793487548828125,35.49280548095703
2023-09-25,25.3858642578125,33.51211166381836,35.24305725097656
2023-09-26,24.934600830078125,33.09004211425781,34.780548095703125
2023-09-27,24.828989028930664,32.93997573852539,34.55854415893555
2023-09-28,25.078622817993164,33.315147399902344,34.873050689697266
2023-09-29,25.155433654785156,33.380802154541016,35.16905975341797
2023-10-02,24.71377182006836,32.73363494873047,34.60479736328125
2023-10-03,24.473739624023438,32.48039245605469,34.14229202270508
2023-10-04,24.665767669677734,32.6773567199707,34.715797424316406
2023-10-05,24.684967041015625,32.818050384521484,34.715797424316406
2023-10-06,25.04981803894043,33.24949645996094,35.23380661010742
2023-10-09,24.87699317932129,33.03376770019531,34.93780517578125
2023-10-10,25.270647048950195,33.39018249511719,35.56681823730469
2023-10-11,25.376262664794922,33.53086853027344,35.74256896972656
2023-10-12,25.040218353271484,32.996253967285156,35.428062438964844
2023-10-13,24.656166076660156,32.55542755126953,34.715797424316406
2023-10-16,24.905799865722656,32.88370132446289,35.06730651855469
2023-10-17,24.8865966796875,32.92121505737305,35.10430908203125
2023-10-18,24.45453453063965,32.34908676147461,34.23479080200195
2023-10-19,24.444934844970703,32.20839309692383,34.2070426940918
2023-10-20,24.185701370239258,31.945777893066406,33.82778549194336
2023-10-23,24.272113800048828,32.18963623046875,34.086788177490234
2023-10-24,24.348922729492188,32.386600494384766,34.47529602050781
2023-10-25,24.12809181213379,32.18963623046875,33.85553741455078
2023-10-26,23.83045196533203,32.08646011352539,34.04053497314453
2023-10-27,23.782445907592773,31.66439437866211,33.98503494262695
2023-10-30,24.09929084777832,32.18963623046875,34.410545349121094
2023-10-31,24.17609977722168,32.31156921386719,34.64179992675781
2023-11-01,24.348922729492188,32.54604721069336,34.863800048828125
2023-11-02,24.87699317932129,33.315147399902344,35.770320892333984
2023-11-03,25.107425689697266,33.437076568603516,36.538082122802734
2023-11-06,25.021015167236328,33.240108489990234,36.26982116699219
2023-11-07,24.992210388183594,33.043148040771484,36.20507049560547
2023-11-08,25.184236526489258,33.30576705932617,36.51033020019531
2023-11-09,25.193838119506836,33.380802154541016,36.575077056884766
2023-11-10,25.289852142333984,33.53086853027344,37.10234069824219
2023-11-13,25.357059478759766,33.54024887084961,37.2040901184082
2023-11-14,26.26918601989746,34.61886978149414,38.452857971191406
2023-11-15,26.413204193115234,34.59072494506836,38.61011505126953
2023-11-16,26.528419494628906,34.5532112121582,38.517608642578125
2023-11-17,26.874069213867188,34.99403762817383,38.869117736816406
2023-11-20,26.950878143310547,35.13472366333008,39.035621643066406
2023-11-21,26.787656784057617,34.96589660644531,38.6471061706543
2023-11-22,26.835662841796875,35.05031204223633,38.71186065673828
2023-11-24,27.09489631652832,35.369205474853516,39.183624267578125
2023-11-27,27.008485794067383,35.266029357910156,39.09111404418945
2023-11-28,27.114099502563477,35.256656646728516,38.87836837768555
2023-11-29,27.39253807067871,35.29417037963867,39.1558723449707
2023-11-30,27.27732276916504,35.237892150878906,39.017120361328125
2023-12-01,27.584564208984375,35.40672302246094,39.276123046875
2023-12-04,27.498149871826172,35.21913528442383,39.12812042236328
2023-12-05,27.546161651611328,35.266029357910156,39.0726203918457
2023-12-06,27.613367080688477,35.303550720214844,39.081871032714844
2023-12-07,27.738183975219727,35.50989532470703,39.498130798339844
2023-12-08,27.843799591064453,35.93196105957031,39.683128356933594
2023-12-11,27.882205963134766,35.98823547363281,39.951385498046875
2023-12-12,27.9398136138916,36.082035064697266,40.23814010620117
2023-12-13,28.31426429748535,36.56037139892578,40.8486442565918
2023-12-14,28.40067481994629,36.879268646240234,41.55165100097656
2023-12-15,28.103036880493164,36.5416145324707,41.30190658569336
2023-12-18,28.07423210144043,36.5978889465332,41.13540267944336
2023-12-19,28.40067481994629,36.907405853271484,41.53316116333008
2023-12-20,28.018516540527344,36.456180572509766,40.863128662109375
2023-12-21,28.36418914794922,36.98481369018555,41.608646392822266
2023-12-22,28.344985961914062,36.93761444091797,41.23588562011719
2023-12-26,28.50821876525879,37.16416549682617,41.617958068847656
2023-12-27,28.671451568603516,37.29631805419922,41.813655853271484
2023-12-28,28.479412078857422,36.93761444091797,41.59932327270508
2023-12-29,28.50821876525879,36.98481369018555,41.590003967285156
2024-01-02,28.172147750854492,36.44675064086914,40.55561447143555
2024-01-03,27.76886558532715,35.889801025390625,39.996482849121094
2024-01-04,27.874488830566406,36.0786018371582,39.996482849121094
2024-01-05,27.874488830566406,35.94644546508789,39.96852493286133
2024-01-08,28.239362716674805,36.36178970336914,40.61152648925781
2024-01-09,27.999313354492188,35.95588302612305,40.238773345947266
2024-01-10,28.133739471435547,36.154117584228516,40.36923599243164
2024-01-11,28.028120040893555,36.154117584228516,40.62084197998047
2024-01-12,28.056922912597656,36.24851608276367,40.61152648925781
2024-01-16,27.52881622314453,35.568851470947266,39.977848052978516
2024-01-17,27.355981826782227,35.31398010253906,39.86601638793945
2024-01-18,27.586429595947266,35.78596878051758,40.574249267578125
2024-01-19,27.74005889892578,35.79540252685547,40.853816986083984
2024-01-22,27.76886558532715,35.776527404785156,40.9749641418457
2024-01-23,27.70165252685547,35.64436721801758,41.20793151855469
2024-01-24,28.19135284423828,35.94644546508789,42.44733428955078
2024-01-25,28.143342971801758,36.25794982910156,42.76417541503906
2024-01-26,28.220157623291016,36.8243293762207,42.81077575683594
2024-01-29,28.287370681762695,36.918731689453125,42.959869384765625
2024-01-30,28.248964309692383,36.99424362182617,42.745540618896484
2024-01-31,27.91289520263672,36.597782135009766,42.438018798828125
2024-02-01,28.32577896118164,36.77713394165039,42.95055389404297
2024-02-02,28.066526412963867,36.43730545043945,42.698944091796875
2024-02-05,27.91289520263672,36.24851608276367,42.68030548095703
2024-02-06,28.114538192749023,36.503379821777344,42.978511810302734
2024-02-07,28.037721633911133,36.42786407470703,43.04374313354492
2024-02-08,28.095333099365234,36.49394226074219,43.51900863647461
2024-02-09,28.104936599731445,36.67329788208008,44.13404846191406
2024-02-12,28.172147750854492,36.63554000854492,43.94767761230469
2024-02-13,27.663244247436523,35.99364471435547,42.87600326538086
2024-02-14,27.999313354492188,36.541141510009766,43.453773498535156
2024-02-15,28.306575775146484,36.99424362182617,44.04085922241211
2024-02-16,28.33538246154785,36.89985275268555,44.0501823425293
2024-02-20,28.40259552001953,37.268001556396484,43.72401809692383
2024-02-21,28.527420043945312,37.48511505126953,43.751976013183594
2024-02-22,28.99791717529297,37.92877960205078,44.674537658691406
2024-02-23,29.017120361328125,38.07981491088867,44.32042694091797
2024-02-26,29.10353660583496,37.9948616027832,44.478843688964844
2024-02-27,29.333984375,38.15533447265625,44.44157028198242
2024-02-28,29.27637481689453,38.032615661621094,44.245872497558594
2024-02-29,29.42040252685547,37.957096099853516,44.48816680908203
2024-03-01,29.554832458496094,37.985416412353516,45.0379753112793
2024-03-04,29.506820678710938,38.10813522338867,45.14048385620117
2024-03-05,29.401201248168945,37.93821716308594,44.54407501220703
2024-03-06,29.583635330200195,38.240291595458984,45.382774353027344
2024-03-07,30.006122589111328,38.750038146972656,46.43580627441406
2024-03-08,29.77567481994629,38.60844421386719,45.550514221191406
2024-03-11,29.794879913330078,38.721717834472656,45.16843795776367
2024-03-12,30.169355392456055,39.004913330078125,45.74620819091797
2024-03-13,30.159753799438477,39.28810119628906,45.61574935913086
2024-03-14,29.91010284423828,39.16538619995117,45.14048385620117
2024-03-15,29.92930793762207,39.240901947021484,44.8702392578125
2024-03-18,29.756471633911133,38.93882751464844,44.77704620361328
2024-03-19,29.833288192749023,38.90106964111328,45.05661392211914
2024-03-20,30.198163986206055,39.49577713012695,45.76484680175781
2024-03-21,30.06373405456543,39.042667388916016,45.988494873046875
2024-03-22,30.044530868530273,38.80667495727539,45.71825408935547
2024-03-25,30.188560485839844,38.87275314331055,45.82075881958008
2024-03-26,30.322986602783203,38.95771408081055,45.94190216064453
2024-03-27,30.6014461517334,39.26921844482422,46.36125183105469
2024-03-28,30.486221313476562,39.08986282348633,46.10964584350586
2024-04-01,30.467018127441406,39.061546325683594,46.4637565612793
2024-04-02,30.102142333984375,38.64619827270508,45.89530944824219
2024-04-03,30.390201568603516,38.94826889038086,46.342613220214844
2024-04-04,30.121347427368164,38.476280212402344,45.848716735839844
2024-04-05,30.102142333984375,38.53292465209961,46.35193634033203
2024-04-08,30.322986602783203,38.80667495727539,46.49171447753906
2024-04-09,30.111745834350586,38.61787796020508,46.43580627441406
2024-04-10,29.737266540527344,38.05149841308594,46.05372619628906
2024-04-11,29.62204360961914,38.089256286621094,46.13759994506836
2024-04-12,29.045927047729492,37.390716552734375,44.926151275634766
2024-04-15,29.05552864074707,37.3718376159668,44.80500793457031
2024-04-16,28.805877685546875,37.258567810058594,44.97274398803711
2024-04-17,28.949907302856445,37.52287292480469,44.27383041381836
2024-04-18,28.84428596496582,37.57951354980469,43.9942626953125
2024-04-19,28.815479278564453,37.67390823364258,43.62151336669922
2024-04-22,29.170751571655273,37.96654510498047,44.25519561767578
2024-04-23,29.69886016845703,38.3724479675293,45.18708038330078
2024-04-24,29.564434051513672,38.33469009399414,44.93547058105469
2024-04-25,29.468414306640625,38.10813522338867,44.7584114074707
2024-04-26,29.727664947509766,38.391326904296875,45.11252975463867
2024-04-29,29.746870040893555,38.32524871826172,45.438682556152344
2024-04-30,29.24756622314453,37.796627044677734,44.51612091064453
2024-05-01,29.18035316467285,37.655029296875,44.35770034790039
2024-05-02,29.48761558532715,38.032615661621094,45.075252532958984
2024-05-03,29.71806526184082,38.36301040649414,45.89530944824219
2024-05-06,30.034929275512695,38.60844421386719,46.25874328613281
2024-05-07,30.332590103149414,38.891632080078125,46.398529052734375
2024-05-08,30.399803161621094,39.193702697753906,46.56626892089844
2024-05-09,30.78388214111328,39.61849594116211,46.93901824951172
2024-05-10,30.899105072021484,39.646812438964844,47.199951171875
2024-05-13,30.889501571655273,39.67512893676758,47.28382110595703
2024-05-14,31.071941375732422,39.98664474487305,47.60997772216797
2024-05-15,31.43681526184082,40.194313049316406,48.215702056884766
2024-05-16,31.062335968017578,39.84504699707031,47.97340774536133
2024-05-17,31.12955093383789,39.8828010559082,48.19706726074219
2024-05-20,31.091144561767578,39.8828010559082,48.243656158447266
2024-05-21,31.052736282348633,39.835601806640625,48.07592010498047
2024-05-22,30.80308723449707,39.46745300292969,47.7218017578125
2024-05-23,30.659055709838867,39.278663635253906,47.54474639892578
2024-05-24,30.99512481689453,39.61849594116211,48.19706726074219
2024-05-28,30.95671844482422,39.476898193359375,48.41140365600586
2024-05-29,30.476619720458984,38.78779983520508,47.460872650146484
2024-05-30,30.51502799987793,39.08042907714844,47.71248245239258
2024-05-31,30.78388214111328,39.36362075805664,47.70316696166992
2024-06-03,30.918310165405273,39.391937255859375,47.79635238647461
2024-06-04,30.70706558227539,39.26921844482422,47.45155715942383
2024-06-05,30.99512481689453,39.627925872802734,48.86802291870117
2024-06-06,31.052736282348633,39.797847747802734,49.05439758300781
2024-06-07,30.678260803222656,39.18425750732422,48.39276123046875
2024-06-10,30.534229278564453,38.6273193359375,48.467308044433594
2024-06-11,30.247007369995117,38.01418685913086,48.00087356567383
2024-06-12,30.83719253540039,38.49696731567383,49.065673828125
2024-06-13,30.109298706054688,37.6086540222168,48.20817947387695
2024-06-14,29.51911163330078,36.35342025756836,47.492027282714844
2024-06-17,29.794532775878906,37.00034713745117,48.11395263671875
2024-06-18,29.794532775878906,37.2996711730957,48.37779235839844
2024-06-20,29.85354995727539,37.33829116821289,48.21759796142578
2024-06-21,29.686330795288086,37.05828094482422,47.71818161010742
2024-06-24,29.98142433166504,37.425193786621094,47.661643981933594
2024-06-25,29.942079544067383,37.405887603759766,47.8029899597168
2024-06-26,29.87322425842285,36.96172332763672,47.29414367675781
2024-06-27,30.050277709960938,36.66239929199219,47.44491195678711
2024-06-28,30.1191349029541,36.47894287109375,47.33183670043945
2024-07-01,30.25684356689453,36.96172332763672,47.539146423339844
2024-07-02,30.020771026611328,36.84585952758789,47.84068298339844
2024-07-03,30.47324562072754,37.54106140136719,48.6322135925293
2024-07-05,30.7978458404541,37.83073425292969,48.75471496582031
2024-07-08,30.650300979614258,37.502437591552734,48.58509826660156
2024-07-09,30.296188354492188,36.84585952758789,48.406063079833984
2024-07-10,30.689647674560547,37.2996711730957,49.24470901489258
2024-07-11,30.915884017944336,37.63761520385742,48.95260238647461
2024-07-12,31.397869110107422,38.168678283691406,49.612213134765625
2024-07-15,31.08310317993164,37.73417663574219,49.09394073486328
2024-07-16,31.112611770629883,37.676239013671875,49.272979736328125
2024-07-17,30.974903106689453,37.676239013671875,47.41664505004883
2024-07-18,30.669973373413086,37.54106140136719,47.26587677001953
2024-07-19,30.36504554748535,37.280364990234375,46.700496673583984
2024-07-22,30.85686683654785,37.84038162231445,47.784141540527344
2024-07-23,30.886375427246094,37.2996711730957,47.350685119628906
2024-07-24,30.532264709472656,36.84585952758789,45.95608139038086
2024-07-25,30.433900833129883,36.71067810058594,45.277618408203125
2024-07-26,30.7978458404541,37.34794998168945,45.95608139038086
2024-07-29,30.50275421142578,36.9037971496582,45.371849060058594
2024-07-30,30.542098999023438,36.97138214111328,45.43781280517578
2024-07-31,30.601119995117188,37.18380355834961,46.577999114990234
2024-08-01,29.85354995727539,36.15065002441406,45.09858322143555
2024-08-02,29.646984100341797,36.26652145385742,43.97724151611328
2024-08-05,29.076473236083984,35.73545837402344,43.5532112121582
2024-08-06,29.007617950439453,35.677528381347656,43.92070388793945
2024-08-07,29.096145629882812,35.80305099487305,44.1939697265625
2024-08-08,29.538785934448242,36.160308837890625,45.14569854736328
2024-08-09,29.666658401489258,36.314796447753906,45.060890197753906
2024-08-12,29.60763931274414,36.17961883544922,44.947811126708984
2024-08-13,30.020771026611328,36.61412048339844,45.61684799194336
2024-08-14,30.168315887451172,36.86516571044922,45.777042388916016
2024-08-15,30.55193519592285,37.17414855957031,46.79472732543945
2024-08-16,30.886375427246094,37.46381378173828,46.93606948852539
2024-08-19,31.24048614501953,37.888668060302734,47.48260498046875
2024-08-20,31.191303253173828,37.927284240722656,47.26587677001953
2024-08-21,31.515907287597656,38.352134704589844,47.90664291381836
2024-08-22,31.32901382446289,37.97556686401367,47.26587677001953
2024-08-23,31.88968849182129,38.69008255004883,47.62395095825195
2024-08-26,31.801164627075195,38.65145492553711,47.26587677001953
2024-08-27,31.988054275512695,38.603179931640625,47.52971649169922
2024-08-28,31.929035186767578,38.41006851196289,47.44491195678711
2024-08-29,31.938873291015625,38.458351135253906,47.576839447021484
2024-08-30,32.096256256103516,38.506622314453125,47.859527587890625
2024-09-03,31.64377784729004,38.00453186035156,46.46492385864258
2024-09-04,31.624109268188477,37.869354248046875,46.163387298583984
2024-09-05,31.7323055267334,37.68589782714844,45.92781066894531
2024-09-06,31.161794662475586,37.15483856201172,45.079734802246094
2024-09-09,31.407705307006836,37.45416259765625,45.43781280517578
2024-09-10,31.092941284179688,37.36726379394531,44.95723342895508
2024-09-11,31.2896671295166,37.521751403808594,46.022037506103516
2024-09-12,31.604434967041016,37.647274017333984,46.25761413574219
2024-09-13,31.870019912719727,37.753482818603516,46.615692138671875
2024-09-16,32.06674575805664,38.0914306640625,46.46492385864258
2024-09-17,32.01756286621094,37.95625686645508,46.483768463134766
2024-09-18,32.04707336425781,37.85004425048828,46.191654205322266
2024-09-19,32.54873275756836,38.921817779541016,47.38837814331055
2024-09-20,32.1552734375,38.33282470703125,46.530879974365234
2024-09-23,32.24380111694336,38.27488708496094,46.6251106262207
2024-09-24,32.617584228515625,38.854225158691406,47.04914855957031
2024-09-25,32.361839294433594,38.49696731567383,46.88895797729492
2024-09-26,33.14875411987305,39.684608459472656,48.14221954345703
2024-09-27,33.37499237060547,39.70391845703125,48.25529098510742
2024-09-30,33.28646469116211,39.00872039794922,47.92548751831055
2024-10-01,32.82415008544922,38.429378509521484,47.360103607177734
2024-10-02,32.66676712036133,38.265235900878906,47.43549346923828
2024-10-03,32.35200119018555,37.724517822265625,47.115108489990234
2024-10-04,32.53889465332031,38.120399475097656,47.43549346923828
2024-10-07,32.214290618896484,37.936946868896484,46.96434020996094
2024-10-08,32.371673583984375,37.85969924926758,47.08684158325195
2024-10-09,32.54873275756836,37.84038162231445,47.407222747802734
2024-10-10,32.430694580078125,37.821075439453125,46.93606948852539
2024-10-11,32.6470947265625,37.98522186279297,47.17164993286133
2024-10-14,32.82415008544922,37.98522186279297,47.642799377441406
2024-10-15,32.617584228515625,37.232086181640625,45.41896438598633
2024-10-16,32.53889465332031,37.44450378417969,44.98550796508789
2024-10-17,32.55856704711914,37.550716400146484,45.05146789550781
2024-10-18,32.81431579589844,37.898319244384766,45.74877166748047
2024-10-21,32.42085647583008,37.36726379394531,45.28704071044922
2024-10-22,32.24380111694336,37.29001235961914,45.20223617553711
2024-10-23,32.01756286621094,36.93275833129883,44.646278381347656
2024-10-24,32.33232879638672,37.106563568115234,45.117427825927734
2024-10-25,32.184783935546875,36.93275833129883,45.10800552368164
2024-10-28,32.48971176147461,37.483131408691406,45.10800552368164
2024-10-29,32.342166900634766,37.106563568115234,45.10800552368164
2024-10-30,31.99789047241211,36.95206832885742,44.26935958862305
2024-10-31,31.79132652282715,36.604469299316406,43.97724151611328
2024-11-01,31.90936279296875,36.65274429321289,43.99608612060547
2024-11-04,31.88968849182129,36.63343048095703,43.88301467895508
2024-11-05,32.32249450683594,37.067935943603516,44.231658935546875
2024-11-06,31.397869110107422,36.15065002441406,43.308204650878906
2024-11-07,32.13560104370117,36.82654571533203,43.97724151611328
2024-11-08,31.574922561645508,36.07341003417969,43.28936004638672
2024-11-11,31.712636947631836,36.08306121826172,43.21398162841797
2024-11-12,31.063430786132812,35.136810302734375,42.526100158691406
2024-11-13,30.728992462158203,34.885765075683594,42.243408203125
2024-11-14,31.024085998535156,35.040260314941406,42.573211669921875
2024-11-15,31.063430786132812,35.03059768676758,42.15860366821289
2024-11-18,31.08310317993164,35.136810302734375,42.328216552734375
2024-11-19,30.974903106689453,35.011287689208984,42.20571517944336
2024-11-20,30.827356338500977,34.80852127075195,42.00783157348633
2024-11-21,30.758501052856445,34.625064849853516,42.0455207824707
2024-11-22,30.896211624145508,34.59609603881836,42.16802215576172
2024-11-25,31.201139450073242,34.69265365600586,42.56378936767578
2024-11-26,31.04375648498535,34.42229461669922,42.15860366821289
2024-11-27,31.201139450073242,34.58644104003906,42.42244338989258
2024-11-29,31.742143630981445,35.00163269042969,42.94070816040039
2024-12-02,31.938873291015625,34.7602424621582,43.23282241821289
2024-12-03,32.06674575805664,34.92438507080078,43.308204650878906
2024-12-04,32.47987747192383,35.04991149902344,43.534358978271484
2024-12-05,32.89300537109375,35.436134338378906,43.84532165527344
2024-12-06,32.84382247924805,35.938228607177734,43.85474395751953
2024-12-09,32.65693283081055,36.00581741333008,43.91128158569336
2024-12-10,32.55856704711914,35.580970764160156,43.694549560546875
2024-12-11,32.63726043701172,35.7547721862793,43.90185546875
2024-12-12,32.47987747192383,35.484413146972656,43.36474609375
2024-12-13,32.57823944091797,35.580970764160156,43.6568603515625
2024-12-16,32.47003936767578,35.33958053588867,43.543785095214844
2024-12-17,32.214290618896484,35.3317985534668,43.50291442871094
2024-12-18,31.5454158782959,34.53410720825195,42.628482818603516
2024-12-19,31.427379608154297,34.55356216430664,42.41938018798828
2024-12-20,31.476560592651367,34.6702995300293,42.514427185058594
2024-12-23,31.5454158782959,34.777305603027344,42.7425422668457
2024-12-24,31.771652221679688,34.9913215637207,42.875606536865234
2024-12-26,31.879854202270508,35.13724136352539,43.02768325805664
2024-12-27,31.614269256591797,35.07887268066406,42.8661003112793
2024-12-30,31.378196716308594,34.83567428588867,42.27680969238281
2024-12-31,31.29950523376465,34.903770446777344,42.28631591796875
2025-01-02,31.063430786132812,34.573020935058594,42.19126892089844
2025-01-03,31.151958465576172,34.388187408447266,42.59046936035156
2025-01-06,31.742143630981445,35.25397491455078,43.46489715576172
2025-01-07,31.88968849182129,35.36097717285156,43.30331802368164
2025-01-08,31.850345611572266,35.13724136352539,42.875606536865234
2025-01-10,31.50606918334961,34.9232292175293,42.44789505004883
2025-01-13,31.34868812561035,34.84539794921875,42.077213287353516
2025-01-14,31.692962646484375,35.07887268066406,42.48591232299805
2025-01-15,32.253639221191406,35.24424362182617,42.82808303833008
2025-01-16,32.29298400878906,36.0613899230957,43.60746765136719
2025-01-17,32.607749938964844,36.27540588378906,43.8450813293457
2025-01-21,33.424171447753906,37.13146209716797,44.5294189453125
2025-01-22,33.52253723144531,37.26765441894531,44.301307678222656
2025-01-23,33.906158447265625,37.705406188964844,44.063690185546875
2025-01-24,33.994686126708984,38.05561447143555,43.94963455200195
2025-01-27,33.94550323486328,38.084800720214844,43.37935256958008
2025-01-28,33.994686126708984,37.6956787109375,43.2938117980957
2025-01-29,34.1717414855957,37.569217681884766,43.654991149902344
2025-01-30,34.338958740234375,37.870784759521484,44.22526931762695
2025-01-31,34.063541412353516,37.578948974609375,44.05418395996094
2025-02-03,33.38482666015625,36.917449951171875,43.38886260986328
2025-02-04,33.82746505737305,37.55949401855469,43.82607650756836
2025-02-05,34.14223098754883,37.60812759399414,44.187255859375
2025-02-06,34.53569030761719,37.987518310546875,44.24427795410156
2025-02-07,34.0733757019043,37.578948974609375,43.86409378051758
2025-02-10,34.329124450683594,37.73459243774414,44.3868522644043
2025-02-11,34.820945739746094,38.12370681762695,44.8810920715332
2025-02-12,35.165218353271484,38.532283782958984,45.52741241455078
2025-02-13,35.814422607421875,38.79493713378906,46.33530807495117
2025-02-14,35.824256896972656,39.193782806396484,46.51589584350586
2025-02-18,36.296409606933594,39.193782806396484,46.71549987792969
2025-02-19,35.470149993896484,38.63928985595703,45.983638763427734
2025-02-20,35.5980224609375,38.99922561645508,46.12620544433594
2025-02-21,35.322601318359375,38.69765853881836,45.78403854370117
2025-02-24,35.479984283447266,38.50309753417969,45.793540954589844
2025-02-25,35.98164367675781,38.80466079711914,46.173728942871094
2025-02-26,36.10951614379883,38.80466079711914,46.05967330932617
2025-02-27,35.411128997802734,38.36690902709961,44.74802780151367
2025-02-28,35.479984283447266,38.46418762207031,44.83356857299805
2025-03-03,36.552154541015625,39.261878967285156,45.02366256713867
2025-03-04,36.42428207397461,39.670448303222656,45.4323616027832
2025-03-05,37.89974594116211,40.876708984375,46.59193420410156
2025-03-06,37.958763122558594,40.302764892578125,46.07868194580078
2025-03-07,38.175167083740234,40.73079299926758,46.915096282958984
2025-03-10,37.171852111816406,39.884464263916016,45.12821578979492
2025-03-11,37.1226692199707,39.972015380859375,45.44186782836914
2025-03-12,37.36857986450195,39.855281829833984,45.73651123046875
2025-03-13,36.975120544433594,39.3688850402832,45.223262786865234
2025-03-14,37.98827362060547,40.16657257080078,46.268775939941406
2025-03-17,38.39156723022461,40.54595947265625,46.77252197265625
2025-03-18,38.666988372802734,40.67242431640625,46.839054107666016
2025-03-19,38.401405334472656,40.82807540893555,47.03865432739258
2025-03-20,37.73252868652344,40.15684127807617,46.449363708496094
2025-03-21,37.466941833496094,39.796913146972656,45.860076904296875
2025-03-24,37.40792465209961,39.796913146972656,45.93611145019531
2025-03-25,37.752201080322266,40.10820770263672,46.154720306396484
2025-03-26,36.945613861083984,39.37861251831055,45.47038269042969
2025-03-27,36.975120544433594,39.44670486450195,45.45137405395508
2025-03-28,36.77839279174805,39.25214767456055,44.995147705078125
2025-03-31,36.47346496582031,38.71710968017578,44.41535949707031
2025-04-01,36.680030822753906,38.96031188964844,44.3868522644043
2025-04-02,36.768558502197266,39.08677673339844,44.54842758178711
2025-04-03,36.129188537597656,38.405818939208984,43.445884704589844
2025-04-04,33.758609771728516,36.19758224487305,41.0031852722168
2025-04-07,33.00120544433594,34.9913215637207,40.470924377441406
2025-04-08,32.676605224609375,34.68002700805664,39.80559539794922
2025-04-09,35.627532958984375,37.55949401855469,43.76904296875
2025-04-10,35.21440124511719,36.956363677978516,42.457401275634766
2025-04-11,35.77507781982422,37.90969467163086,43.54093551635742
2025-04-14,36.217716217041016,37.7929573059082,44.301307678222656
2025-04-15,36.59150314331055,37.938880920410156,44.56743621826172
2025-04-16,36.611175537109375,37.899967193603516,43.96864318847656
2025-04-17,36.788230895996094,38.152896881103516,44.24427795410156
2025-04-21,36.42428207397461,37.90969467163086,43.807064056396484
2025-04-22,37.40792465209961,38.75602340698242,44.76703643798828
2025-04-23,37.81121826171875,39.028404235839844,45.40385055541992
2025-04-24,38.39156723022461,39.612083435058594,46.01214599609375
2025-04-25,38.71617126464844,39.83582305908203,46.36382293701172
2025-04-28,38.824371337890625,39.92337417602539,46.37332534790039
2025-04-29,39.021095275878906,39.82609176635742,46.49688720703125
2025-04-30,38.84404373168945,39.92337417602539,46.430355072021484
2025-05-01,38.81453323364258,39.95255661010742,46.36382293701172
2025-05-02,39.680137634277344,40.721065521240234,47.78002166748047
2025-05-05,40.053924560546875,40.70161056518555,47.65645980834961
2025-05-06,40.004737854003906,40.48759460449219,47.5043830871582
2025-05-07,39.77850341796875,40.19575881958008,47.722991943359375
2025-05-08,39.79817581176758,40.19575881958008,47.82754135131836
2025-05-09,40.10310745239258,40.54595947265625,48.274261474609375
2025-05-12,39.719486236572266,40.67242431640625,49.04414367675781
2025-05-13,39.926048278808594,40.954532623291016,49.46234893798828
2025-05-14,39.680137634277344,40.74052047729492,49.61442565917969
2025-05-15,40.19163513183594,40.94480514526367,49.66194534301758
2025-05-16,40.18179702758789,41.1004524230957,49.604915618896484
2025-05-19,40.880184173583984,41.56739044189453,50.042137145996094
2025-05-20,41.08675003051758,41.92732620239258,50.1847038269043
2025-05-21,40.99822235107422,41.547935485839844,49.88055419921875
2025-05-22,40.9588737487793,41.48957061767578,49.93758010864258
2025-05-23,40.585086822509766,41.24637222290039,49.67144775390625
2025-05-27,41.617916107177734,41.752220153808594,50.37479782104492
2025-05-28,41.08675003051758,41.31446838378906,49.985107421875
2025-05-29,41.16543960571289,41.59657669067383,50.31776809692383
2025-05-30,41.283477783203125,41.333927154541016,50.23222351074219
2025-06-02,41.647422790527344,41.96623611450195,50.65043258666992
2025-06-03,41.43102264404297,41.674400329589844,50.327274322509766
2025-06-04,41.76546096801758,41.90787124633789,50.59340286254883
2025-06-05,41.873661041259766,41.86895751953125,50.71696472167969
2025-06-06,41.82448196411133,41.86895751953125,50.973594665527344
2025-06-09,41.617916107177734,41.90787124633789,51.344276428222656
2025-06-10,41.43102264404297,42.034332275390625,51.867034912109375
2025-06-11,41.42118835449219,41.93705749511719,51.676937103271484
2025-06-12,41.529388427734375,42.38453674316406,52.01910400390625
2025-06-13,40.830997467041016,41.6646728515625,50.8880500793457
2025-06-16,41.130001068115234,41.996986389160156,51.127891540527344
2025-06-17,40.400001525878906,41.529361724853516,50.40547561645508
2025-06-18,40.279998779296875,41.45970916748047,50.32841491699219
2025-06-20,40.34000015258789,41.08163070678711,49.98165512084961
2025-06-23,40.75,41.3602180480957,51.07973098754883
2025-06-24,41.38999938964844,41.82784652709961,52.16817092895508
2025-06-25,41.150001525878906,41.6786003112793,51.8214111328125
2025-06-26,41.63999938964844,41.92734146118164,51.98516082763672
2025-06-27,42.29999923706055,42.39496994018555,52.360816955566406
2025-06-30,42.310001373291016,42.58401107788086,52.495670318603516
2025-07-01,42.0099983215332,42.653656005859375,52.08148193359375
2025-07-02,42.16999816894531,43.051639556884766,52.30302429199219
2025-07-03,42.209999084472656,42.86259841918945,52.293392181396484
2025-07-07,42.22999954223633,42.46461486816406,51.99479293823242
2025-07-08,42.59000015258789,43.051639556884766,52.3319206237793
2025-07-09,43.2599983215332,43.6187629699707,52.57272720336914
2025-07-10,42.86000061035156,43.52921676635742,52.620887756347656
2025-07-11,42.45000076293945,43.061588287353516,52.40897750854492
2025-07-14,42.349998474121094,42.90239334106445,52.399349212646484
2025-07-15,41.81999969482422,42.34522247314453,52.447509765625
2025-07-16,42.18000030517578,42.524314880371094,51.5035514831543
2025-07-17,42.349998474121094,42.763099670410156,51.542076110839844
2025-07-18,42.130001068115234,42.70340347290039,51.49391555786133
2025-07-21,42.41999816894531,42.81284713745117,51.44575500488281
2025-07-22,42.41999816894531,42.94219207763672,51.4072265625
2025-07-23,43.209999084472656,44.17593765258789,52.25486373901367
2025-07-24,42.70000076293945,43.18098449707031,51.946632385253906
2025-07-25,42.810001373291016,43.49937057495117,51.53244400024414
2025-07-28,41.66999816894531,42.58401107788086,50.964141845703125
2025-07-29,41.88999938964844,42.69345474243164,50.75223159790039
2025-07-30,41.630001068115234,42.25567626953125,50.28025436401367
2025-07-31,41.150001525878906,41.72834777832031,49.37482452392578
2025-08-01,40.75,41.220924377441406,48.97990036010742
2025-08-04,41.29999923706055,41.64875411987305,49.46151351928711
2025-08-05,41.4900016784668,41.6189079284668,49.44225311279297
2025-08-06,41.84000015258789,41.807945251464844,49.53857421875
2025-08-07,42.33000183105469,42.275577545166016,50.28025436401367
2025-08-08,42.34000015258789,42.46461486816406,50.58848571777344
2025-08-11,41.939998626708984,42.13628005981445,50.444000244140625
2025-08-12,42.150001525878906,42.67355728149414,51.02193832397461
2025-08-13,42.380001068115234,43.09143829345703,51.3975944519043
2025-08-14,42.5,43.280479431152344,51.33980178833008
2025-08-15,42.58000183105469,43.66851043701172,51.20494842529297
2025-08-18,42.45000076293945,43.330223083496094,51.17605209350586
2025-08-19,42.38999938964844,43.59886169433594,51.26274490356445
2025-08-20,42.38999938964844,43.74810791015625,51.60950469970703
2025-08-21,42.08000183105469,43.330223083496094,51.127891540527344
2025-08-22,42.65999984741211,43.95704650878906,52.19706726074219
2025-08-25,42.119998931884766,42.743202209472656,51.85993957519531
2025-08-26,42.130001068115234,42.3651237487793,51.79251480102539
2025-08-27,41.88999938964844,42.34522247314453,51.619136810302734
2025-08-28,42.02000045776367,42.68350601196289,51.53244400024414
2025-08-29,41.880001068115234,42.37506866455078,51.05083465576172
2025-09-02,41.040000915527344,42.07658386230469,50.029815673828125
2025-09-03,41.04999923706055,42.32532501220703,50.299522399902344
2025-09-04,41.34000015258789,42.34522247314453,50.92561340332031
2025-09-05,41.34000015258789,42.34522247314453,51.5035514831543
2025-09-08,41.689998626708984,42.77305221557617,52.17780303955078
2025-09-09,41.47999954223633,42.84270095825195,52.129642486572266
2025-09-10,41.06999969482422,42.68350601196289,51.81178283691406
2025-09-11,41.38999938964844,43.310325622558594,52.45713806152344
2025-09-12,41.310001373291016,43.270530700683594,52.649784088134766
2025-09-15,41.41999816894531,43.66851043701172,53.69969940185547
2025-09-16,41.150001525878906,43.59886169433594,53.66116714477539
2025-09-17,41.060001373291016,43.310325622558594,53.82491683959961
2025-09-18,41.45000076293945,43.6187629699707,54.87483215332031
2025-09-19,41.220001220703125,43.45956802368164,54.749610900878906
2025-09-22,41.2400016784668,43.55906295776367,55.25048828125
2025-09-23,41.27000045776367,43.66851043701172,55.50092315673828
2025-09-24,41.2400016784668,43.19093322753906,55.16379928588867
2025-09-25,40.75,42.83274841308594,54.92299270629883
2025-09-26,41.20000076293945,43.370025634765625,55.01931381225586
2025-09-29,41.310001373291016,43.55906295776367,55.5490837097168
2025-09-30,41.61000061035156,43.708309173583984,55.87657928466797
2025-10-01,42.130001068115234,44.26548385620117,56.67605972290039
2025-10-02,42.470001220703125,44.5440673828125,57.321414947509766
2025-10-03,42.43000030517578,44.6833610534668,57.427371978759766
2025-10-06,42.41999816894531,43.96699523925781,57.485164642333984
2025-10-07,42.06999969482422,43.56901550292969,56.40635681152344
2025-10-08,42.34000015258789,44.076438903808594,56.261871337890625
2025-10-09,42.09000015258789,43.66851043701172,55.76099395751953
2025-10-10,41.52000045776367,43.071537017822266,54.55696487426758
2025-10-13,41.779998779296875,43.13123321533203,55.62614440917969
2025-10-14,41.66999816894531,43.90729904174805,55.63577651977539
2025-10-15,41.529998779296875,44.19583511352539,56.12702178955078
2025-10-16,41.59000015258789,44.92215347290039,56.338932037353516
2025-10-17,41.380001068115234,45.001747131347656,56.493045806884766
2025-10-20,41.880001068115234,44.971900939941406,56.68568801879883
2025-10-21,41.689998626708984,44.75300979614258,56.204078674316406
2025-10-22,41.439998626708984,44.6833610534668,55.98253631591797
2025-10-23,41.54999923706055,45.04154586791992,56.704952239990234
2025-10-24,41.59000015258789,44.882354736328125,56.74348449707031
2025-10-27,41.779998779296875,45.10124588012695,57.37921142578125
2025-10-28,41.720001220703125,44.912200927734375,56.839805603027344
2025-10-29,41.27000045776367,44.63361358642578,57.18656539916992
2025-10-30,41.0,44.21573257446289,57.292518615722656
2025-10-31,40.72999954223633,44.056541442871094,56.63752746582031
2025-11-03,40.90999984741211,43.84760284423828,56.521942138671875
2025-11-04,40.34000015258789,43.40982437133789,55.69356918334961
2025-11-05,40.72999954223633,43.65856170654297,56.11738586425781
2025-11-06,40.38999938964844,43.20087814331055,55.82841873168945
2025-11-07,40.47999954223633,43.55906295776367,55.616512298583984
2025-11-10,40.959999084472656,43.96699523925781,56.40635681152344
2025-11-11,41.22999954223633,44.484371185302734,56.57010269165039
2025-11-12,41.68000030517578,44.912200927734375,56.85906982421875
2025-11-13,41.25,44.812705993652344,56.45451736450195
2025-11-14,40.86000061035156,44.61371612548828,55.99216842651367
2025-11-17,40.0099983215332,43.97694778442383,55.25048828125
2025-11-18,39.529998779296875,43.40982437133789,54.54733657836914
2025-11-19,39.5099983215332,43.22077941894531,54.95188903808594
2025-11-20,38.88999938964844,42.77305221557617,53.47815704345703
2025-11-21,39.400001525878906,43.46951675415039,53.86344528198242
2025-11-24,39.470001220703125,43.11133575439453,53.89234161376953
2025-11-25,40.189998626708984,43.83765411376953,54.778507232666016
2025-11-26,40.599998474121094,44.20578384399414,55.6646728515625
2025-11-28,40.91999816894531,44.34507751464844,56.030696868896484
2025-12-01,40.52000045776367,44.18588638305664,56.1751823425293
2025-12-02,40.88999938964844,44.21573257446289,56.41598892211914
2025-12-03,40.95000076293945,44.563968658447266,57.00355529785156
2025-12-04,41.13999938964844,44.524169921875,56.618263244628906
2025-12-05,41.40999984741211,44.39482498168945,56.39672088623047
2025-12-08,41.34000015258789,44.42467498779297,56.56047058105469
2025-12-09,41.529998779296875,43.98689270019531,56.39672088623047
2025-12-10,41.939998626708984,44.35503005981445,56.63752746582031
2025-12-11,42.38999938964844,44.77290725708008,57.31178665161133
2025-12-12,42.18000030517578,44.65351486206055,56.444881439208984
2025-12-15,42.099998474121094,44.95199966430664,56.5989990234375
2025-12-16,42.029998779296875,44.939998626708984,56.40999984741211
2025-12-17,41.61000061035156,44.619998931884766,55.56999969482422
2025-12-18,41.939998626708984,44.79999923706055,56.02000045776367
2025-12-19,42.099998474121094,44.90999984741211,56.61000061035156
2025-12-22,42.34000015258789,44.959999084472656,57.0099983215332
2025-12-23,42.439998626708984,44.900001525878906,56.84000015258789
2025-12-24,42.56999969482422,44.97999954223633,57.099998474121094
2025-12-26,42.650001525878906,45.18000030517578,57.15999984741211
2025-12-29,42.5099983215332,44.9900016784668,57.0
2025-12-30,42.75,45.13999938964844,57.22999954223633
2025-12-31,42.5,44.9900016784668,57.029998779296875
2026-01-02,42.560001373291016,45.310001373291016,58.63999938964844
2026-01-05,43.04999923706055,45.41999816894531,60.13999938964844
2026-01-06,43.130001068115234,45.599998474121094,60.439998626708984
2026-01-07,43.2599983215332,45.400001525878906,59.79999923706055
2026-01-08,43.310001373291016,45.459999084472656,59.209999084472656
2026-01-09,43.40999984741211,45.880001068115234,60.400001525878906
2026-01-12,43.83000183105469,46.099998474121094,61.040000915527344
2026-01-13,43.56999969482422,45.959999084472656,60.779998779296875
2026-01-14,43.4900016784668,45.869998931884766,60.66999816894531
2026-01-15,43.2400016784668,45.400001525878906,61.599998474121094
2026-01-16,43.34000015258789,45.290000915527344,61.90999984741211
2026-01-20,42.540000915527344,44.54999923706055,60.63999938964844
2026-01-21,42.81999969482422,45.04999923706055,61.540000915527344
2026-01-22,43.099998474121094,45.15999984741211,62.13999938964844
2026-01-23,43.47999954223633,45.5099983215332,62.33000183105469
2026-01-26,43.84000015258789,45.650001525878906,62.810001373291016
2026-01-27,44.29999923706055,46.150001525878906,63.70000076293945
2026-01-28,44.0099983215332,45.529998779296875,63.04999923706055
2026-01-29,43.439998626708984,45.81999969482422,63.47999954223633
2026-01-30,43.11000061035156,45.349998474121094,62.27000045776367
2026-02-02,43.47999954223633,45.68000030517578,62.77000045776367
2026-02-03,43.5099983215332,45.689998626708984,61.900001525878906
2026-02-04,43.25,46.029998779296875,61.06999969482422
2026-02-05,42.84000015258789,45.72999954223633,60.560001373291016
2026-02-06,43.529998779296875,46.400001525878906,62.029998779296875
2026-02-09,44.31999969482422,46.9900016784668,62.9900016784668
2026-02-10,44.220001220703125,46.83000183105469,63.06999969482422
2026-02-11,44.04999923706055,47.08000183105469,63.060001373291016
2026-02-12,43.959999084472656,46.68000030517578,61.529998779296875
2026-02-13,43.970001220703125,46.70000076293945,61.650001525878906
2026-02-17,44.040000915527344,47.04999923706055,62.22999954223633
2026-02-18,44.119998931884766,47.029998779296875,62.939998626708984
2026-02-19,43.880001068115234,46.90999984741211,62.65999984741211
2026-02-20,44.31999969482422,47.68000030517578,63.18000030517578
2026-02-23,43.900001525878906,47.4900016784668,62.95000076293945
2026-02-24,43.95000076293945,47.619998931884766,63.0
2026-02-25,44.349998474121094,48.02000045776367,63.77000045776367
2026-02-26,44.560001373291016,48.349998474121094,63.04999923706055
2026-02-27,44.34000015258789,47.869998931884766,62.79999923706055
2026-03-02,42.90999984741211,46.56999969482422,61.33000183105469
2026-03-03,41.56999969482422,45.06999969482422,59.66999816894531
2026-03-04,42.099998474121094,45.22999954223633,60.7400016784668
2026-03-05,41.18000030517578,44.279998779296875,59.540000915527344
2026-03-06,40.81999969482422,44.13999938964844,58.130001068115234
2026-03-09,41.09000015258789,44.20000076293945,59.22999954223633
2026-03-10,41.099998474121094,44.08000183105469,59.709999084472656
2026-03-11,40.79999923706055,44.20000076293945,60.029998779296875
2026-03-12,40.34000015258789,43.58000183105469,58.959999084472656
2026-03-13,39.84000015258789,42.79999923706055,58.630001068115234
2026-03-16,40.52000045776367,43.47999954223633,59.70000076293945
2026-03-17,40.7400016784668,43.650001525878906,59.599998474121094
2026-03-18,39.7599983215332,43.11000061035156,58.34000015258789
2026-03-19,39.689998626708984,43.20000076293945,58.13999938964844
2026-03-20,38.20000076293945,41.68000030517578,56.529998779296875
2026-03-23,39.31999969482422,42.84000015258789,57.790000915527344
2026-03-24,38.95000076293945,42.439998626708984,57.880001068115234
2026-03-25,39.470001220703125,42.970001220703125,58.5099983215332
2026-03-26,38.66999816894531,42.25,56.849998474121094
2026-03-27,38.08000183105469,41.869998931884766,55.88999938964844
2026-03-30,38.369998931884766,41.970001220703125,55.33000183105469
2026-03-31,39.66999816894531,43.380001068115234,57.5099983215332
2026-04-01,40.20000076293945,43.849998474121094,58.56999969482422
2026-04-02,39.900001525878906,43.75,58.11000061035156
2026-04-06,40.209999084472656,44.15999984741211,58.33000183105469
2026-04-07,40.11000061035156,44.02000045776367,58.59000015258789
2026-04-08,41.7400016784668,45.869998931884766,61.540000915527344
2026-04-09,41.619998931884766,45.869998931884766,61.84000015258789
2026-04-10,41.599998474121094,45.849998474121094,62.439998626708984
2026-04-13,41.939998626708984,46.06999969482422,63.0099983215332
2026-04-14,42.189998626708984,46.5,63.79999923706055
2026-04-15,42.36000061035156,46.130001068115234,63.650001525878906
2026-04-16,42.36000061035156,46.060001373291016,63.130001068115234
2026-04-17,43.189998626708984,46.7599983215332,64.12000274658203
2026-04-20,42.9900016784668,46.470001220703125,64.11000061035156
2026-04-21,42.060001373291016,45.36000061035156,63.34000015258789
2026-04-22,42.31999969482422,45.349998474121094,63.150001525878906
2026-04-23,41.91999816894531,45.20000076293945,62.279998779296875
2026-04-24,42.349998474121094,45.380001068115234,63.220001220703125
2026-04-27,42.119998931884766,45.20000076293945,62.650001525878906
2026-04-28,41.88999938964844,44.88999938964844,61.68000030517578
2026-04-29,41.34000015258789,44.5099983215332,61.209999084472656
2026-04-30,42.2599983215332,45.33000183105469,62.709999084472656
2026-05-01,42.33000183105469,45.369998931884766,62.880001068115234
2026-05-04,41.47999954223633,44.27000045776367,62.04999923706055
2026-05-05,42.38999938964844,45.119998931884766,63.439998626708984
2026-05-06,43.470001220703125,46.720001220703125,65.86000061035156
2026-05-07,42.5,45.540000915527344,64.41000366210938
2026-05-08,42.650001525878906,45.7599983215332,65.68000030517578
2026-05-11,42.529998779296875,45.4900016784668,65.47000122070312
2026-05-12,41.939998626708984,45.11000061035156,64.02999877929688
2026-05-13,42.15999984741211,45.13999938964844,65.33999633789062
2026-05-14,42.25,45.029998779296875,65.66999816894531
2026-05-15,41.369998931884766,44.15999984741211,64.44999694824219
2026-05-18,42.34000015258789,44.83000183105469,64.2699966430664
2026-05-19,42.040000915527344,44.41999816894531,63.77000045776367
2026-05-20,42.880001068115234,45.4900016784668,65.33999633789062
2026-05-21,43.04999923706055,45.5,66.81999969482422
2026-05-22,42.90999984741211,45.16999816894531,66.83999633789062
2026-05-26,43.75,45.91999816894531,67.33000183105469
2026-05-27,43.689998626708984,46.0,66.83999633789062
2026-05-28,43.4900016784668,46.0,66.95999908447266
2026-05-29,43.43000030517578,45.970001220703125,67.04000091552734
